{
    "uniqueModClassName":"data.scripts.FreespaceModPlugin",
    "playableFaction":true,
    "corvusCompatible":true,
    
    "pirateFaction":true,
    "isPirateNeutral":true,
    "spawnPatrols":true,
    "crewExpereinceLevelIncreaseChance":0.0,
    "baseFleetCostMultiplier":1.0,

    "customRebelFaction":"",
    "customRebelFleetId":"",
    "rebelFleetSuffix":"Deserters",

    "positiveDiplomacyExtra":0,
    "negativeDiplomacyExtra":0,
    "factionsLiked":[],
    "factionsDisliked":["fs_vasudan","fs_shivan","fs_terran"],
    "factionsNeutral":["fs_newterrandawn"],
    
    "alignments":{
		"corporate":0,
		"technocratic":-0.5,
		"militarist":0.5,
		"diplomatic":-0.5,
		"ideological":1,
    },
}
