{
    "uniqueModClassName":"data.scripts.FreespaceModPlugin",
    "playableFaction":true,
    "corvusCompatible":true,
    "hostileToAll":1,
    "dropPrisoners":false,
    
    "pirateFaction":true,
    "isPirateNeutral":false,
    "spawnPatrols":true,
    "crewExpereinceLevelIncreaseChance":0.0,
    "baseFleetCostMultiplier":1.0,

    "customRebelFaction":"",
    "customRebelFleetId":"",
    "rebelFleetSuffix":"Vishnan",

    "positiveDiplomacyExtra":0,
    "negativeDiplomacyExtra":0,
    "factionsLiked":[],
    "factionsDisliked":[],
    "factionsNeutral":[],
    
    "alignments":{
        "militarist":1,
        "diplomatic":-1,
        "ideological":1,
    },
    
}
