{
    "uniqueModClassName":"data.scripts.FreespaceModPlugin",
    "playableFaction":true,
    "corvusCompatible":true,
    
    "pirateFaction":true,
    "isPirateNeutral":true,
    "spawnPatrols":true,
    "crewExpereinceLevelIncreaseChance":0.0,
    "baseFleetCostMultiplier":1.0,

    "customRebelFaction":"",
    "customRebelFleetId":"",
    "rebelFleetSuffix":"Rebel",

    "positiveDiplomacyExtra":0,
    "negativeDiplomacyExtra":0,
    "factionsLiked":["fs_terran"],
    "factionsDisliked":["fs_hammeroflight","fs_shivan"],
    "factionsNeutral":["fs_newterrandawn"],
    
    "alignments":{
		"corporate":0,
		"technocratic":0,
		"militarist":1,
		"diplomatic":0.5,
		"ideological":0.5,
    },
}
