{
    "FS_TERRAN_FIGHTER":{
		"engineColor":[100,165,255,255],
		"contrailParticleSizeMult":4,
		"contrailParticleDuration":1,
		"contrailParticleFinalSizeMult":2.5,
		"contrailMaxSpeedMult":0.5f,
		"contrailAngularVelocityMult":0f,
		"contrailColor":[100,165,255,25],
		"contrailCampaignColor":[100,165,255,25],
        "type":"GLOW"
    },
	"FS_TERRAN_BOMBER":{
		"engineColor":[100,165,255,255],
		"contrailParticleSizeMult":4,
		"contrailParticleDuration":1,
		"contrailParticleFinalSizeMult":2.5,
		"contrailMaxSpeedMult":0.5f,
		"contrailAngularVelocityMult":0f,
		"contrailColor":[100,165,255,25],
		"contrailCampaignColor":[100,165,255,25],
        "type":"GLOW"
    },
	"FS_TERRAN_CRUISER":{
		"engineColor":[100,165,255,255],
		"contrailParticleSizeMult":4,
		"contrailParticleDuration":1,
		"contrailParticleFinalSizeMult":2.5,
		"contrailMaxSpeedMult":0.5f,
		"contrailAngularVelocityMult":0f,
		"contrailColor":[100,165,255,25],
		"contrailCampaignColor":[100,165,255,25],
        "type":"GLOW"
    },
	"FS_TERRAN_CAPITAL":{
		"engineColor":[100,165,255,255],
		"contrailParticleSizeMult":4,
		"contrailParticleDuration":1,
		"contrailParticleFinalSizeMult":2.5,
		"contrailMaxSpeedMult":0.5f,
		"contrailAngularVelocityMult":0f,
		"contrailColor":[100,165,255,25],
		"contrailCampaignColor":[100,165,255,25],
        "type":"GLOW"
    },
	"FS_VASUDAN_FIGHTER":{
		"engineColor":[255,145,75,255],
		"contrailParticleSizeMult":4,
		"contrailParticleDuration":2,
		"contrailParticleFinalSizeMult":2.5,
		"contrailMaxSpeedMult":0.5,
		"contrailAngularVelocityMult":0,
		"contrailColor":[100,100,100,25],
		"contrailCampaignColor":[150,120,100,25],
        "type":"GLOW"
    },
	"FS_VASUDAN_BOMBER":{
		"engineColor":[255,145,75,255],
		"contrailParticleSizeMult":4,
		"contrailParticleDuration":2,
		"contrailParticleFinalSizeMult":2.5,
		"contrailMaxSpeedMult":0.5,
		"contrailAngularVelocityMult":0,
		"contrailColor":[100,100,100,25],
		"contrailCampaignColor":[150,120,100,25],
        "type":"GLOW"
    },
	"FS_VASUDAN_CRUISER":{
		"engineColor":[255,145,75,255],
		"contrailParticleSizeMult":4,
		"contrailParticleDuration":2,
		"contrailParticleFinalSizeMult":2.5,
		"contrailMaxSpeedMult":0.5,
		"contrailAngularVelocityMult":0,
		"contrailColor":[100,100,100,25],
		"contrailCampaignColor":[150,120,100,25],
        "type":"GLOW"
    },
	"FS_VASUDAN_CAPITAL":{
		"engineColor":[255,145,75,255],
		"contrailParticleSizeMult":4,
		"contrailParticleDuration":2,
		"contrailParticleFinalSizeMult":2.5,
		"contrailMaxSpeedMult":0.5,
		"contrailAngularVelocityMult":0,
		"contrailColor":[100,100,100,25],
		"contrailCampaignColor":[150,120,100,25],
        "type":"GLOW"
    },
	"FS_SHIVAN_FIGHTER":{
		"engineColor":[255,125,25,255],
		"engineCampaignColor":[200,90,70,255],
		"contrailParticleSizeMult":2,
		"contrailParticleDuration":3,
		"contrailParticleFinalSizeMult":2.5,
		"contrailMaxSpeedMult":0.5,
		"contrailAngularVelocityMult":0.5,
		"contrailColor":[50,50,50,50],
		"contrailCampaignColor":[200,90,70,50],
        "type":"GLOW"
    },
	"FS_SHIVAN_BOMBER":{
		"engineColor":[255,125,25,255],
		"engineCampaignColor":[200,90,70,255],
		"contrailParticleSizeMult":2,
		"contrailParticleDuration":3,
		"contrailParticleFinalSizeMult":2.5,
		"contrailMaxSpeedMult":0.5,
		"contrailAngularVelocityMult":0.5,
		"contrailColor":[50,50,50,50],
		"contrailCampaignColor":[200,90,70,50],
        "type":"GLOW"
    },
	"FS_SHIVAN_CRUISER":{
		"engineColor":[255,125,25,255],
		"engineCampaignColor":[200,90,70,255],
		"contrailParticleSizeMult":2,
		"contrailParticleDuration":3,
		"contrailParticleFinalSizeMult":2.5,
		"contrailMaxSpeedMult":0.5,
		"contrailAngularVelocityMult":0.5,
		"contrailColor":[50,50,50,50],
		"contrailCampaignColor":[200,90,70,50],
        "type":"GLOW"
    },
	"FS_SHIVAN_CAPITAL":{
		"engineColor":[255,125,25,255],
		"engineCampaignColor":[200,90,70,255],
		"contrailParticleSizeMult":2,
		"contrailParticleDuration":3,
		"contrailParticleFinalSizeMult":2.5,
		"contrailMaxSpeedMult":0.5,
		"contrailAngularVelocityMult":0.5,
		"contrailColor":[50,50,50,50],
		"contrailCampaignColor":[200,90,70,50],
        "type":"GLOW"
    },
}