{
	"FS_TERRAN":{
		"hyperspaceJitterColor":[100,165,255,200],
		"baseCampaignExplosionColor":[100,165,255,255],
		"baseCombatExplosionColor":[100,165,255,255],
		"fighterRepairFlickerColor":[100,165,255,255],
		"weaponDisabledExplosionColor":[100,165,255,255],
		"shieldRingColor":[255,255,255,255],
		"shieldInnerColor":[125,125,255,75],
		"fluxVentCoreColor":[255,255,255,255],
		"fluxVentFringeColor":[125,0,155,255],
		"engineLoopSet":"engine_loop", 					
		"engineAccelerateSet":"engine_accelerate",		
		"empLoopSet":"emp_loop",						
		"fluxLoopSet":"flux_loop",						
		"ventFluxSet":"vent_flux",						
		"shieldBurnoutSet":"shield_burnout",			
		"shieldLowerSet":"shield_lower",				
		"shieldRaiseSet":"shield_raise",				
		"explosionShipSet":"explosion_ship",			
		"damageDecalSheet":"graphics/damage/damage_decal_sheet_base.png",
		"damageDecalGlowSheet":"graphics/damage/damage_decal_sheet_glow.png"
	},
	"FS_VASUDAN":{
		"hyperspaceJitterColor":[255,145,75,200],
		"baseCampaignExplosionColor":[255,145,75,255],
		"baseCombatExplosionColor":[255,145,75,255],
		"fighterRepairFlickerColor":[255,145,75,255],
		"weaponDisabledExplosionColor":[255,145,75,255],
		"shieldRingColor":[255,255,255,255],
		"shieldInnerColor":[125,125,255,75],
		"fluxVentCoreColor":[255,255,255,255],
		"fluxVentFringeColor":[125,0,155,255],
		"engineLoopSet":"engine_loop", 					
		"engineAccelerateSet":"engine_accelerate",		
		"empLoopSet":"emp_loop",						
		"fluxLoopSet":"flux_loop",						
		"ventFluxSet":"vent_flux",						
		"shieldBurnoutSet":"shield_burnout",			
		"shieldLowerSet":"shield_lower",				
		"shieldRaiseSet":"shield_raise",				
		"explosionShipSet":"explosion_ship",			
		"damageDecalSheet":"graphics/damage/damage_decal_sheet_base.png",
		"damageDecalGlowSheet":"graphics/damage/damage_decal_sheet_glow.png"
	},
	"FS_SHIVAN":{
		"hyperspaceJitterColor":[255,125,45,200],
		"baseCampaignExplosionColor":[255,125,25,255],
		"baseCombatExplosionColor":[255,125,25,255],
		"fighterRepairFlickerColor":[255,125,25,255],
		"weaponDisabledExplosionColor":[255,125,25,255],
		"shieldRingColor":[255,255,255,255],
		"shieldInnerColor":[255,125,125,75],
		"fluxVentCoreColor":[255,255,255,255],
		"fluxVentFringeColor":[125,0,155,255],
		"engineLoopSet":"engine_loop", 					
		"engineAccelerateSet":"engine_accelerate",		
		"empLoopSet":"emp_loop",						
		"fluxLoopSet":"flux_loop",						
		"ventFluxSet":"vent_flux",						
		"shieldBurnoutSet":"shield_burnout",			
		"shieldLowerSet":"shield_lower",				
		"shieldRaiseSet":"shield_raise",				
		"explosionShipSet":"explosion_ship",			
		"damageDecalSheet":"graphics/damage/damage_decal_sheet_base.png",
		"damageDecalGlowSheet":"graphics/damage/damage_decal_sheet_glow.png"
	}
}
