{
	"engine_loop":{
		"sounds":[
			{"file":"sounds/Freespace/sfx_engines/Capital1.ogg","pitch":1,"volume":1}, # index:  0
			{"file":"sounds/Freespace/sfx_engines/Capital2.ogg","pitch":1,"volume":1}, # index:  1
			{"file":"sounds/Freespace/sfx_engines/Capital3.ogg","pitch":1,"volume":1}, # index:  2
			{"file":"sounds/Freespace/sfx_engines/Capital4.ogg","pitch":1,"volume":1}, # index:  3
			{"file":"sounds/Freespace/sfx_engines/Capital5.ogg","pitch":1,"volume":1}, # index:  4
			{"file":"sounds/Freespace/sfx_engines/Capital6.ogg","pitch":1,"volume":1}, # index:  5
			{"file":"sounds/Freespace/sfx_engines/ship_a1.ogg","pitch":1,"volume":1}, # index:  6
			{"file":"sounds/Freespace/sfx_engines/ship_a2.ogg","pitch":1,"volume":1}, # index:  7
			{"file":"sounds/Freespace/sfx_engines/ship_a3.ogg","pitch":1,"volume":1}, # index:  8
			{"file":"sounds/Freespace/sfx_engines/ship_b1.ogg","pitch":1,"volume":1}, # index:  9
			{"file":"sounds/Freespace/sfx_engines/ship_b2.ogg","pitch":1,"volume":1}, # index:  10
			{"file":"sounds/Freespace/sfx_engines/ship_b3.ogg","pitch":1,"volume":1}, # index:  11
			{"file":"sounds/Freespace/sfx_engines/ship_c1.ogg","pitch":1,"volume":1}, # index:  12
			{"file":"sounds/Freespace/sfx_engines/ship_c2.ogg","pitch":1,"volume":1}, # index:  13
			{"file":"sounds/Freespace/sfx_engines/ship_c3.ogg","pitch":1,"volume":1}, # index:  14
			{"file":"sounds/Freespace/sfx_engines/ship_c4.ogg","pitch":1,"volume":1}, # index:  15
			{"file":"sounds/Freespace/sfx_engines/ship_c5.ogg","pitch":1,"volume":1}, # index:  16
			],
	
		"FS_TERRAN_FIGHTER":{"sounds":[6], "pitch":1, "volume":0.4},
		"FS_TERRAN_BOMBER":{"sounds":[7], "pitch":1, "volume":0.5},
		"FS_TERRAN_CRUISER":{"sounds":[8], "pitch":1, "volume":0.7},
		"FS_TERRAN_CAPITAL":{"sounds":[0,5], "pitch":1, "volume":1}, # last index is for SuperCaps
		"FS_VASUDAN_FIGHTER":{"sounds":[9], "pitch":1, "volume":0.4},
		"FS_VASUDAN_BOMBER":{"sounds":[10], "pitch":1, "volume":0.5},
		"FS_VASUDAN_CRUISER":{"sounds":[11], "pitch":1, "volume":0.7},
		"FS_VASUDAN_CAPITAL":{"sounds":[1,3], "pitch":1, "volume":1}, # last index is for SuperCaps
		"FS_SHIVAN_FIGHTER":{"sounds":[12], "pitch":1, "volume":0.4},
		"FS_SHIVAN_BOMBER":{"sounds":[13], "pitch":1, "volume":0.5},
		"FS_SHIVAN_CRUISER":{"sounds":[14], "pitch":1, "volume":0.7},
		"FS_SHIVAN_CAPITAL":{"sounds":[2,15,16,4], "pitch":1, "volume":1}, # last index is for SuperCaps
	},
	
	# Beam Cannon Sounds
    "bt_up_3":
    [
        {"file":"sounds/Freespace/sfx_wpn_energy/BT_up_3.ogg","pitch":1.00,"volume":1.0},
    ],
    "bt_terslash":
    [
        {"file":"sounds/Freespace/sfx_wpn_energy/BT_terslash.ogg","pitch":1.00,"volume":1.0},
    ],
	"bt_dwn_2":
    [
        {"file":"sounds/Freespace/sfx_wpn_energy/BT_dwn_2.ogg","pitch":1.00,"volume":1.0},
    ],
	"bs_up_1.5":
    [
        {"file":"sounds/Freespace/sfx_wpn_energy/BS_up_1.5.ogg","pitch":1.00,"volume":1.0},
    ],
    "bs_sred":
    [
        {"file":"sounds/Freespace/sfx_wpn_energy/BS_SRed.ogg","pitch":1.00,"volume":1.0},
    ],
	"bs_dwn_1":
    [
        {"file":"sounds/Freespace/sfx_wpn_energy/BS_dwn_1.ogg","pitch":1.00,"volume":1.0},
    ],
	"beam_down":
    [
        {"file":"sounds/Freespace/sfx_wpn_energy/Beam_Down.ogg","pitch":1.00,"volume":1.0},
    ],
	"beam_shot1":
    [
        {"file":"sounds/Freespace/sfx_wpn_energy/beam_shot1.ogg","pitch":1.00,"volume":1.0},
    ],
	"beam_shot2":
    [
        {"file":"sounds/Freespace/sfx_wpn_energy/beam_shot2.ogg","pitch":1.00,"volume":1.0},
    ],
	"beam_up":
    [
        {"file":"sounds/Freespace/sfx_wpn_energy/Beam_Up.ogg","pitch":1.00,"volume":1.0},
    ],
	"bs_antiftr":
    [
        {"file":"sounds/Freespace/sfx_wpn_energy/BS_AntiFtr.ogg","pitch":1.00,"volume":1.0},
    ],
	"bs_dwn_2":
    [
        {"file":"sounds/Freespace/sfx_wpn_energy/BS_dwn_2.ogg","pitch":1.00,"volume":1.0},
    ],
	"bs_dwn_3":
    [
        {"file":"sounds/Freespace/sfx_wpn_energy/BS_dwn_3.ogg","pitch":1.00,"volume":1.0},
    ],
	"bs_lred":
    [
        {"file":"sounds/Freespace/sfx_wpn_energy/BS_LRed.ogg","pitch":1.00,"volume":1.0},
    ],
	"bs_up_1":
    [
        {"file":"sounds/Freespace/sfx_wpn_energy/BS_up_1.ogg","pitch":1.00,"volume":1.0},
    ],
	"bs_up_3":
    [
        {"file":"sounds/Freespace/sfx_wpn_energy/BS_up_3.ogg","pitch":1.00,"volume":1.0},
    ],
	"bt_antiftr":
    [
        {"file":"sounds/Freespace/sfx_wpn_energy/BT_AntiFtr.ogg","pitch":1.00,"volume":1.0},
    ],
	"bt_bfgreen":
    [
        {"file":"sounds/Freespace/sfx_wpn_energy/BT_BFGreen.ogg","pitch":1.00,"volume":1.0},
    ],
	"bt_bgreen":
    [
        {"file":"sounds/Freespace/sfx_wpn_energy/BT_BGreen.ogg","pitch":1.00,"volume":1.0},
    ],
	"bt_dwn_1":
    [
        {"file":"sounds/Freespace/sfx_wpn_energy/BT_dwn_1.ogg","pitch":1.00,"volume":1.0},
    ],
	"bt_dwn_3":
    [
        {"file":"sounds/Freespace/sfx_wpn_energy/BT_dwn_3.ogg","pitch":1.00,"volume":1.0},
    ],
	"bt_dwn_4":
    [
        {"file":"sounds/Freespace/sfx_wpn_energy/BT_dwn_4.ogg","pitch":1.00,"volume":1.0},
    ],
	"bt_dwn_5":
    [
        {"file":"sounds/Freespace/sfx_wpn_energy/BT_dwn_5.ogg","pitch":1.00,"volume":1.0},
    ],
	"bt_dwn_6":
    [
        {"file":"sounds/Freespace/sfx_wpn_energy/BT_dwn_6.ogg","pitch":1.00,"volume":1.0},
    ],
	"bt_lterslash":
    [
        {"file":"sounds/Freespace/sfx_wpn_energy/BT_LTerSlash.ogg","pitch":1.00,"volume":1.0},
    ],
	"bt_sgreen":
    [
        {"file":"sounds/Freespace/sfx_wpn_energy/BT_SGreen.ogg","pitch":1.00,"volume":1.0},
    ],
	"bt_up_1.5":
    [
        {"file":"sounds/Freespace/sfx_wpn_energy/BT_up_1.5.ogg","pitch":1.00,"volume":1.0},
    ],
	"bt_up_1":
    [
        {"file":"sounds/Freespace/sfx_wpn_energy/BT_up_1.ogg","pitch":1.00,"volume":1.0},
    ],
	"bt_up_2.5":
    [
        {"file":"sounds/Freespace/sfx_wpn_energy/BT_up_2.5.ogg","pitch":1.00,"volume":1.0},
    ],
	"bt_up_3.5":
    [
        {"file":"sounds/Freespace/sfx_wpn_energy/BT_up_3.5.ogg","pitch":1.00,"volume":1.0},
    ],
	"bt_up_5":
    [
        {"file":"sounds/Freespace/sfx_wpn_energy/BT_up_5.ogg","pitch":1.00,"volume":1.0},
    ],
	"svas_loop":
    [
        {"file":"sounds/Freespace/sfx_wpn_energy/SVas_Loop.ogg","pitch":1.00,"volume":1.0},
    ],
	"bvas_loop":
    [
        {"file":"sounds/Freespace/sfx_wpn_energy/BVas_Loop.ogg","pitch":1.00,"volume":1.0},
    ],
	"vslash_loop":
    [
        {"file":"sounds/Freespace/sfx_wpn_energy/VSlash_Loop.ogg","pitch":1.00,"volume":1.0},
    ],
	"l_subach":
    [
        {"file":"sounds/Freespace/sfx_wpn_energy/L_Subach.ogg","pitch":1.00,"volume":1.0},
    ],
	"l_prom_s":
    [
        {"file":"sounds/Freespace/sfx_wpn_energy/L_Prom_S.ogg","pitch":1.00,"volume":1.0},
    ],
	"m_swarm":
    [
        {"file":"sounds/Freespace/sfx_wpn_missiles/m_swarm.ogg","pitch":1.00,"volume":1.0},
    ],
	"flaklaunch":
    [
        {"file":"sounds/Freespace/sfx_wpn_guns/FlakLaunch.ogg","pitch":1.00,"volume":1.0},
    ],
	"flakboom":
    [
        {"file":"sounds/Freespace/sfx_wpn_guns/boom_4.ogg","pitch":1.00,"volume":1.0},
    ],
	"terranturret":
    [
        {"file":"sounds/Freespace/sfx_wpn_energy/Turret_T1.ogg","pitch":1.00,"volume":1.0},
    ],
	"terranhugeturret":
    [
        {"file":"sounds/Freespace/sfx_wpn_energy/Turret_T2.ogg","pitch":1.00,"volume":1.0},
    ],
	"shivanturret":
    [
        {"file":"sounds/Freespace/sfx_wpn_energy/Turret_S1.ogg","pitch":1.00,"volume":1.0},
    ],
	"vasudanturret":
    [
        {"file":"sounds/Freespace/sfx_wpn_energy/Turret_V1.ogg","pitch":1.00,"volume":1.0},
    ],
	"vasudanhugeturret":
    [
        {"file":"sounds/Freespace/sfx_wpn_energy/Turret_V2.ogg","pitch":1.00,"volume":1.0},
    ],
	"shivanlightlaser":
    [
        {"file":"sounds/Freespace/sfx_wpn_energy/L_alien1.ogg","pitch":1.00,"volume":1.0},
    ],
	"shivanheavylaser":
    [
        {"file":"sounds/Freespace/sfx_wpn_energy/L_alien2.ogg","pitch":1.00,"volume":1.0},
    ],
	"shivanmegalaser":
    [
        {"file":"sounds/Freespace/sfx_wpn_energy/L_alien3.ogg","pitch":1.00,"volume":1.0},
    ],
	"clusterfire":
    [
        {"file":"sounds/Freespace/sfx_wpn_missiles/m_cluster.ogg","pitch":1.00,"volume":1.0},
    ],
	"clusterboom":
    [
        {"file":"sounds/Freespace/sfx_wpn_missiles/clusterboom.ogg","pitch":1.00,"volume":1.0},
    ]
}